用户名,发布时间,发布内容
影视剧学长,3小时前微博电视团成员,#九重紫 两世死的都是济宁侯夫人#不论是上一世还是第二世，嫁给魏廷瑜的是窦昭还是窦明，都没能幸福，根本原因就在于魏廷瑜这个人从头到尾是块扶不上墙的烂泥，前世窦昭打理候府他出轨窦明，第二世窦明求母亲为他谋个官职他却玩忽职守导致匪徒作乱害死窦明，其实这样看来，无论是谁嫁给魏廷瑜都避免不 ​ ...展开
急诊科的大徐,昨天 09:09超话主持人（大徐说超话）,#我的年度总结##健闻登顶计划#在冬天，跑了10公里，曾经我是不敢想的。可去年的这个时候，我和小徐同学跑圈的时候，我只能跑一圈。但今年，不到一年，我已经能跑五圈了，这一圈儿大概是2公里左右，跑5圈，就是十公里。我想说的，其实这就像是人生。我跑步的时候经常会有好多的感悟。在冬天，天气不 ​ ...展开
张艺兴,12-15   23:10歌手、演员 张艺兴,传播中华优秀传统文化 我们受到召唤 我们责无旁贷 ​
邱小蛋,昨天 09:28515万人关注了他,秦彻你表情还怪多的哩#恋与深空#​
MIC檀健次JC-T,昨天 19:01演员 歌手 MIC男团成员 代表作《猎罪图鉴》《虎啸龙吟》,看展·从2.0到3.0#猎罪图鉴2#​
淘票票,12-14   20:58淘票票官方微博,#张杰演唱会大电影预售票房破纪录#截至20:29，电影《张杰曜北斗巡回演唱会》预售总票房破1000万，不仅创演唱会电影预售首日新纪录，更成为2024非春节档影片预售总票房最快破千万影片👏预售已全面开启，12月20日走进影院，来一场浪漫震撼的音乐之旅！#电影张杰曜北斗巡回演唱会#​
影视剧学长,3小时前微博电视团成员,#九重紫 两世死的都是济宁侯夫人#不论是上一世还是第二世，嫁给魏廷瑜的是窦昭还是窦明，都没能幸福，根本原因就在于魏廷瑜这个人从头到尾是块扶不上墙的烂泥，前世窦昭打理候府他出轨窦明，第二世窦明求母亲为他谋个官职他却玩忽职守导致匪徒作乱害死窦明，其实这样看来，无论是谁嫁给魏廷瑜都避免不 ​ ...展开
急诊科的大徐,昨天 09:09超话主持人（大徐说超话）,#我的年度总结##健闻登顶计划#在冬天，跑了10公里，曾经我是不敢想的。可去年的这个时候，我和小徐同学跑圈的时候，我只能跑一圈。但今年，不到一年，我已经能跑五圈了，这一圈儿大概是2公里左右，跑5圈，就是十公里。我想说的，其实这就像是人生。我跑步的时候经常会有好多的感悟。在冬天，天气不 ​ ...展开
张艺兴,12-15   23:10歌手、演员 张艺兴,传播中华优秀传统文化 我们受到召唤 我们责无旁贷 ​
邱小蛋,昨天 09:28515万人关注了他,秦彻你表情还怪多的哩#恋与深空#​
淘票票,12-14   20:58淘票票官方微博,#张杰演唱会大电影预售票房破纪录#截至20:29，电影《张杰曜北斗巡回演唱会》预售总票房破1000万，不仅创演唱会电影预售首日新纪录，更成为2024非春节档影片预售总票房最快破千万影片👏预售已全面开启，12月20日走进影院，来一场浪漫震撼的音乐之旅！#电影张杰曜北斗巡回演唱会#​
MIC檀健次JC-T,昨天 19:01演员 歌手 MIC男团成员 代表作《猎罪图鉴》《虎啸龙吟》,看展·从2.0到3.0#猎罪图鉴2#​
影视剧学长,3小时前微博电视团成员,#九重紫 两世死的都是济宁侯夫人#不论是上一世还是第二世，嫁给魏廷瑜的是窦昭还是窦明，都没能幸福，根本原因就在于魏廷瑜这个人从头到尾是块扶不上墙的烂泥，前世窦昭打理候府他出轨窦明，第二世窦明求母亲为他谋个官职他却玩忽职守导致匪徒作乱害死窦明，其实这样看来，无论是谁嫁给魏廷瑜都避免不 ​ ...展开
急诊科的大徐,昨天 09:09超话主持人（大徐说超话）,#我的年度总结##健闻登顶计划#在冬天，跑了10公里，曾经我是不敢想的。可去年的这个时候，我和小徐同学跑圈的时候，我只能跑一圈。但今年，不到一年，我已经能跑五圈了，这一圈儿大概是2公里左右，跑5圈，就是十公里。我想说的，其实这就像是人生。我跑步的时候经常会有好多的感悟。在冬天，天气不 ​ ...展开
张艺兴,12-15   23:10歌手、演员 张艺兴,传播中华优秀传统文化 我们受到召唤 我们责无旁贷 ​
邱小蛋,昨天 09:28515万人关注了他,秦彻你表情还怪多的哩#恋与深空#​
淘票票,12-14   20:58淘票票官方微博,#张杰演唱会大电影预售票房破纪录#截至20:29，电影《张杰曜北斗巡回演唱会》预售总票房破1000万，不仅创演唱会电影预售首日新纪录，更成为2024非春节档影片预售总票房最快破千万影片👏预售已全面开启，12月20日走进影院，来一场浪漫震撼的音乐之旅！#电影张杰曜北斗巡回演唱会#​
MIC檀健次JC-T,昨天 19:01演员 歌手 MIC男团成员 代表作《猎罪图鉴》《虎啸龙吟》,看展·从2.0到3.0#猎罪图鉴2#​
新浪综艺,1小时前新浪综艺频道官方微博,#湖南卫视微博跨年预约破500万##湖南卫视跨年晚会#在#微博跨年狂欢节#的预约人数强势突破500w！今年的跨年阵容还是一如既往地强大，@成毅@陈哲远-@丁禹兮@华晨宇yu@captain龙@孟子义@时代少年团@王鹤棣_Dylan@TFBOYS-王源@UNIQ-王一博@杨幂@虞书欣Esther都已经官宣加盟，坐等12月31日的 ​ ...展开
歐陽娜娜Nana,12-15   20:50中國台灣女藝人/大提琴演奏家 歐陽娜娜,謝謝昨天的你們！我們17號 音樂會見⋯🥔 *ﾟ#欧阳娜娜loveletter##241042loveletter艺术展#​
影视剧学长,3小时前微博电视团成员,#九重紫 两世死的都是济宁侯夫人#不论是上一世还是第二世，嫁给魏廷瑜的是窦昭还是窦明，都没能幸福，根本原因就在于魏廷瑜这个人从头到尾是块扶不上墙的烂泥，前世窦昭打理候府他出轨窦明，第二世窦明求母亲为他谋个官职他却玩忽职守导致匪徒作乱害死窦明，其实这样看来，无论是谁嫁给魏廷瑜都避免不 ​ ...展开
急诊科的大徐,昨天 09:09超话主持人（大徐说超话）,#我的年度总结##健闻登顶计划#在冬天，跑了10公里，曾经我是不敢想的。可去年的这个时候，我和小徐同学跑圈的时候，我只能跑一圈。但今年，不到一年，我已经能跑五圈了，这一圈儿大概是2公里左右，跑5圈，就是十公里。我想说的，其实这就像是人生。我跑步的时候经常会有好多的感悟。在冬天，天气不 ​ ...展开
张艺兴,12-15   23:10歌手、演员 张艺兴,传播中华优秀传统文化 我们受到召唤 我们责无旁贷 ​
邱小蛋,昨天 09:28515万人关注了他,秦彻你表情还怪多的哩#恋与深空#​
淘票票,12-14   20:58淘票票官方微博,#张杰演唱会大电影预售票房破纪录#截至20:29，电影《张杰曜北斗巡回演唱会》预售总票房破1000万，不仅创演唱会电影预售首日新纪录，更成为2024非春节档影片预售总票房最快破千万影片👏预售已全面开启，12月20日走进影院，来一场浪漫震撼的音乐之旅！#电影张杰曜北斗巡回演唱会#​
MIC檀健次JC-T,昨天 19:01演员 歌手 MIC男团成员 代表作《猎罪图鉴》《虎啸龙吟》,看展·从2.0到3.0#猎罪图鉴2#​
新浪综艺,1小时前新浪综艺频道官方微博,#湖南卫视微博跨年预约破500万##湖南卫视跨年晚会#在#微博跨年狂欢节#的预约人数强势突破500w！今年的跨年阵容还是一如既往地强大，@成毅@陈哲远-@丁禹兮@华晨宇yu@captain龙@孟子义@时代少年团@王鹤棣_Dylan@TFBOYS-王源@UNIQ-王一博@杨幂@虞书欣Esther都已经官宣加盟，坐等12月31日的 ​ ...展开
歐陽娜娜Nana,12-15   20:50中國台灣女藝人/大提琴演奏家 歐陽娜娜,謝謝昨天的你們！我們17號 音樂會見⋯🥔 *ﾟ#欧阳娜娜loveletter##241042loveletter艺术展#​
野生抬杠选手,12-15   17:37娱评人 微博娱评团成员已编辑,#院人集体确诊白磷型团队#不是，你们院人的燃点是不是有点太低了哈哈哈哈哈在大家还摸不清头脑的时候，小齐带头零帧起燃，突然激动大喊这季是去海边录，其他人听到去海边仿佛被触发了关键词，异口同声唱起来想要去海边，好好好，哥几个确诊为白磷型版院人~​
上游新闻,原创23小时前上游新闻客户端官方微博,【#年度直播乱象#】#头部主播翻车启示录#造假售假、虚假宣传、擦边营销、AI魔改……直播圈这一年来“怪相”频出。如何摒弃畸形的流量，让直播告别“野蛮生长”？且看上游新闻年度盘点《直击直播乱象2024》 ——#微盘点#​
急诊科的大徐,昨天 09:09超话主持人（大徐说超话）,#我的年度总结##健闻登顶计划#在冬天，跑了10公里，曾经我是不敢想的。可去年的这个时候，我和小徐同学跑圈的时候，我只能跑一圈。但今年，不到一年，我已经能跑五圈了，这一圈儿大概是2公里左右，跑5圈，就是十公里。我想说的，其实这就像是人生。我跑步的时候经常会有好多的感悟。在冬天，天气不 ​ ...展开
张艺兴,12-15   23:10歌手、演员 张艺兴,传播中华优秀传统文化 我们受到召唤 我们责无旁贷 ​
邱小蛋,昨天 09:28515万人关注了他,秦彻你表情还怪多的哩#恋与深空#​
淘票票,12-14   20:58淘票票官方微博,#张杰演唱会大电影预售票房破纪录#截至20:29，电影《张杰曜北斗巡回演唱会》预售总票房破1000万，不仅创演唱会电影预售首日新纪录，更成为2024非春节档影片预售总票房最快破千万影片👏预售已全面开启，12月20日走进影院，来一场浪漫震撼的音乐之旅！#电影张杰曜北斗巡回演唱会#​
MIC檀健次JC-T,昨天 19:01演员 歌手 MIC男团成员 代表作《猎罪图鉴》《虎啸龙吟》,看展·从2.0到3.0#猎罪图鉴2#​
新浪综艺,1小时前新浪综艺频道官方微博,#湖南卫视微博跨年预约破500万##湖南卫视跨年晚会#在#微博跨年狂欢节#的预约人数强势突破500w！今年的跨年阵容还是一如既往地强大，@成毅@陈哲远-@丁禹兮@华晨宇yu@captain龙@孟子义@时代少年团@王鹤棣_Dylan@TFBOYS-王源@UNIQ-王一博@杨幂@虞书欣Esther都已经官宣加盟，坐等12月31日的 ​ ...展开
歐陽娜娜Nana,12-15   20:50中國台灣女藝人/大提琴演奏家 歐陽娜娜,謝謝昨天的你們！我們17號 音樂會見⋯🥔 *ﾟ#欧阳娜娜loveletter##241042loveletter艺术展#​
野生抬杠选手,12-15   17:37娱评人 微博娱评团成员已编辑,#院人集体确诊白磷型团队#不是，你们院人的燃点是不是有点太低了哈哈哈哈哈在大家还摸不清头脑的时候，小齐带头零帧起燃，突然激动大喊这季是去海边录，其他人听到去海边仿佛被触发了关键词，异口同声唱起来想要去海边，好好好，哥几个确诊为白磷型版院人~​
对象迟早会有的,12小时前微博知名搞笑博主,灵感来源于生活be like：#无限暖暖#​
上游新闻,原创23小时前上游新闻客户端官方微博,【#年度直播乱象#】#头部主播翻车启示录#造假售假、虚假宣传、擦边营销、AI魔改……直播圈这一年来“怪相”频出。如何摒弃畸形的流量，让直播告别“野蛮生长”？且看上游新闻年度盘点《直击直播乱象2024》 ——#微盘点#​
饭圈安利鹅,昨天 20:32微博2020、2021十大影响力综艺大V 微博2022最具影响力综艺节目大V 微博电视团成员已编辑,#樊振东王楚钦发型的较量#哈哈哈哈哈请观看樊振东王楚钦《发型的较量》#樊振东vs王楚钦#​
张艺兴,12-15   23:10歌手、演员 张艺兴,传播中华优秀传统文化 我们受到召唤 我们责无旁贷 ​
邱小蛋,昨天 09:28515万人关注了他,秦彻你表情还怪多的哩#恋与深空#​
淘票票,12-14   20:58淘票票官方微博,#张杰演唱会大电影预售票房破纪录#截至20:29，电影《张杰曜北斗巡回演唱会》预售总票房破1000万，不仅创演唱会电影预售首日新纪录，更成为2024非春节档影片预售总票房最快破千万影片👏预售已全面开启，12月20日走进影院，来一场浪漫震撼的音乐之旅！#电影张杰曜北斗巡回演唱会#​
MIC檀健次JC-T,昨天 19:01演员 歌手 MIC男团成员 代表作《猎罪图鉴》《虎啸龙吟》,看展·从2.0到3.0#猎罪图鉴2#​
新浪综艺,1小时前新浪综艺频道官方微博,#湖南卫视微博跨年预约破500万##湖南卫视跨年晚会#在#微博跨年狂欢节#的预约人数强势突破500w！今年的跨年阵容还是一如既往地强大，@成毅@陈哲远-@丁禹兮@华晨宇yu@captain龙@孟子义@时代少年团@王鹤棣_Dylan@TFBOYS-王源@UNIQ-王一博@杨幂@虞书欣Esther都已经官宣加盟，坐等12月31日的 ​ ...展开
歐陽娜娜Nana,12-15   20:50中國台灣女藝人/大提琴演奏家 歐陽娜娜,謝謝昨天的你們！我們17號 音樂會見⋯🥔 *ﾟ#欧阳娜娜loveletter##241042loveletter艺术展#​
野生抬杠选手,12-15   17:37娱评人 微博娱评团成员已编辑,#院人集体确诊白磷型团队#不是，你们院人的燃点是不是有点太低了哈哈哈哈哈在大家还摸不清头脑的时候，小齐带头零帧起燃，突然激动大喊这季是去海边录，其他人听到去海边仿佛被触发了关键词，异口同声唱起来想要去海边，好好好，哥几个确诊为白磷型版院人~​
对象迟早会有的,12小时前微博知名搞笑博主,灵感来源于生活be like：#无限暖暖#​
上游新闻,原创23小时前上游新闻客户端官方微博,【#年度直播乱象#】#头部主播翻车启示录#造假售假、虚假宣传、擦边营销、AI魔改……直播圈这一年来“怪相”频出。如何摒弃畸形的流量，让直播告别“野蛮生长”？且看上游新闻年度盘点《直击直播乱象2024》 ——#微盘点#​
饭圈安利鹅,昨天 20:32微博2020、2021十大影响力综艺大V 微博2022最具影响力综艺节目大V 微博电视团成员已编辑,#樊振东王楚钦发型的较量#哈哈哈哈哈请观看樊振东王楚钦《发型的较量》#樊振东vs王楚钦#​
张艺兴,12-15   23:10歌手、演员 张艺兴,传播中华优秀传统文化 我们受到召唤 我们责无旁贷 ​
黄之仪KyraZilver,昨天 12:00爱奇艺《中国新说唱2020》选手已编辑,⋆⌁⌁⌁❤︎⌁⌁⌁⋆𖦤˖໒꒱· ﾟ浮岛EP全地图已解锁  欢迎大家上岛游玩KyraZ超话#mv##七号打歌中心#黄之仪KyraZilver的微博视频​
淘票票,12-14   20:58淘票票官方微博,#张杰演唱会大电影预售票房破纪录#截至20:29，电影《张杰曜北斗巡回演唱会》预售总票房破1000万，不仅创演唱会电影预售首日新纪录，更成为2024非春节档影片预售总票房最快破千万影片👏预售已全面开启，12月20日走进影院，来一场浪漫震撼的音乐之旅！#电影张杰曜北斗巡回演唱会#​
MIC檀健次JC-T,昨天 19:01演员 歌手 MIC男团成员 代表作《猎罪图鉴》《虎啸龙吟》,看展·从2.0到3.0#猎罪图鉴2#​
新浪综艺,1小时前新浪综艺频道官方微博,#湖南卫视微博跨年预约破500万##湖南卫视跨年晚会#在#微博跨年狂欢节#的预约人数强势突破500w！今年的跨年阵容还是一如既往地强大，@成毅@陈哲远-@丁禹兮@华晨宇yu@captain龙@孟子义@时代少年团@王鹤棣_Dylan@TFBOYS-王源@UNIQ-王一博@杨幂@虞书欣Esther都已经官宣加盟，坐等12月31日的 ​ ...展开
歐陽娜娜Nana,12-15   20:50中國台灣女藝人/大提琴演奏家 歐陽娜娜,謝謝昨天的你們！我們17號 音樂會見⋯🥔 *ﾟ#欧阳娜娜loveletter##241042loveletter艺术展#​
野生抬杠选手,12-15   17:37娱评人 微博娱评团成员已编辑,#院人集体确诊白磷型团队#不是，你们院人的燃点是不是有点太低了哈哈哈哈哈在大家还摸不清头脑的时候，小齐带头零帧起燃，突然激动大喊这季是去海边录，其他人听到去海边仿佛被触发了关键词，异口同声唱起来想要去海边，好好好，哥几个确诊为白磷型版院人~​
对象迟早会有的,12小时前微博知名搞笑博主,灵感来源于生活be like：#无限暖暖#​
伊莉丝的研究所,12-13   22:53影视评论人,#伊莉丝科技说#塞尔达传说：魔吉拉的面具》（旧译“塞尔达传说姆吉拉的假面”）是一款由任天堂本部开发的动作冒险游戏，也是该系列第六部作品，最初于 2000 年 4 月 27 日在任天堂 64 平台发行。经过三年多时间的不懈努力，逆向工程团队 ZeldaRET 完美重现出了《塞尔达传说：魔吉拉的面具》的全部代 ​ ...展开
上游新闻,原创23小时前上游新闻客户端官方微博,【#年度直播乱象#】#头部主播翻车启示录#造假售假、虚假宣传、擦边营销、AI魔改……直播圈这一年来“怪相”频出。如何摒弃畸形的流量，让直播告别“野蛮生长”？且看上游新闻年度盘点《直击直播乱象2024》 ——#微盘点#​
饭圈安利鹅,昨天 20:32微博2020、2021十大影响力综艺大V 微博2022最具影响力综艺节目大V 微博电视团成员已编辑,#樊振东王楚钦发型的较量#哈哈哈哈哈请观看樊振东王楚钦《发型的较量》#樊振东vs王楚钦#​
张艺兴,12-15   23:10歌手、演员 张艺兴,传播中华优秀传统文化 我们受到召唤 我们责无旁贷 ​
黄之仪KyraZilver,昨天 12:00爱奇艺《中国新说唱2020》选手已编辑,⋆⌁⌁⌁❤︎⌁⌁⌁⋆𖦤˖໒꒱· ﾟ浮岛EP全地图已解锁  欢迎大家上岛游玩KyraZ超话#mv##七号打歌中心#黄之仪KyraZilver的微博视频​
淘票票,12-14   20:58淘票票官方微博,#张杰演唱会大电影预售票房破纪录#截至20:29，电影《张杰曜北斗巡回演唱会》预售总票房破1000万，不仅创演唱会电影预售首日新纪录，更成为2024非春节档影片预售总票房最快破千万影片👏预售已全面开启，12月20日走进影院，来一场浪漫震撼的音乐之旅！#电影张杰曜北斗巡回演唱会#​
李宇春,12-15   20:50歌手 李宇春,第二十年跨年倒计时……所有的铁都给昨天吃得肚皮滚圆的人撸起来吧！冲呀！！！✊ ​
新浪综艺,1小时前新浪综艺频道官方微博,#湖南卫视微博跨年预约破500万##湖南卫视跨年晚会#在#微博跨年狂欢节#的预约人数强势突破500w！今年的跨年阵容还是一如既往地强大，@成毅@陈哲远-@丁禹兮@华晨宇yu@captain龙@孟子义@时代少年团@王鹤棣_Dylan@TFBOYS-王源@UNIQ-王一博@杨幂@虞书欣Esther都已经官宣加盟，坐等12月31日的 ​ ...展开
歐陽娜娜Nana,12-15   20:50中國台灣女藝人/大提琴演奏家 歐陽娜娜,謝謝昨天的你們！我們17號 音樂會見⋯🥔 *ﾟ#欧阳娜娜loveletter##241042loveletter艺术展#​
野生抬杠选手,12-15   17:37娱评人 微博娱评团成员已编辑,#院人集体确诊白磷型团队#不是，你们院人的燃点是不是有点太低了哈哈哈哈哈在大家还摸不清头脑的时候，小齐带头零帧起燃，突然激动大喊这季是去海边录，其他人听到去海边仿佛被触发了关键词，异口同声唱起来想要去海边，好好好，哥几个确诊为白磷型版院人~​
对象迟早会有的,12小时前微博知名搞笑博主,灵感来源于生活be like：#无限暖暖#​
伊莉丝的研究所,12-13   22:53影视评论人,#伊莉丝科技说#塞尔达传说：魔吉拉的面具》（旧译“塞尔达传说姆吉拉的假面”）是一款由任天堂本部开发的动作冒险游戏，也是该系列第六部作品，最初于 2000 年 4 月 27 日在任天堂 64 平台发行。经过三年多时间的不懈努力，逆向工程团队 ZeldaRET 完美重现出了《塞尔达传说：魔吉拉的面具》的全部代 ​ ...展开
上游新闻,原创23小时前上游新闻客户端官方微博,【#年度直播乱象#】#头部主播翻车启示录#造假售假、虚假宣传、擦边营销、AI魔改……直播圈这一年来“怪相”频出。如何摒弃畸形的流量，让直播告别“野蛮生长”？且看上游新闻年度盘点《直击直播乱象2024》 ——#微盘点#​
饭圈安利鹅,昨天 20:32微博2020、2021十大影响力综艺大V 微博2022最具影响力综艺节目大V 微博电视团成员已编辑,#樊振东王楚钦发型的较量#哈哈哈哈哈请观看樊振东王楚钦《发型的较量》#樊振东vs王楚钦#​
手边巴黎urruolan,昨天 15:31豪华酒店代言人  时尚/旅行博主已编辑,💐ˢᵘⁿᵈᵃʸ周日收集快乐 ° ᐝ♬ ♭ ♡☀️小仙炖上海旗舰店盛大开业🎉 真有一种娘家人来了上海的感觉！见证着她日胜一日的努力，提炼大自然的馈赠，把中式滋补的健康理念和生活方式带给身边珍贵的人❤️周末宜在家软软糯糯，上身了夏姿陈 x 刘宇的🐍年限量款，背后还有小宇刘宇超话​ ...展开
黄之仪KyraZilver,昨天 12:00爱奇艺《中国新说唱2020》选手已编辑,⋆⌁⌁⌁❤︎⌁⌁⌁⋆𖦤˖໒꒱· ﾟ浮岛EP全地图已解锁  欢迎大家上岛游玩KyraZ超话#mv##七号打歌中心#黄之仪KyraZilver的微博视频​
淘票票,12-14   20:58淘票票官方微博,#张杰演唱会大电影预售票房破纪录#截至20:29，电影《张杰曜北斗巡回演唱会》预售总票房破1000万，不仅创演唱会电影预售首日新纪录，更成为2024非春节档影片预售总票房最快破千万影片👏预售已全面开启，12月20日走进影院，来一场浪漫震撼的音乐之旅！#电影张杰曜北斗巡回演唱会#​
李宇春,12-15   20:50歌手 李宇春,第二十年跨年倒计时……所有的铁都给昨天吃得肚皮滚圆的人撸起来吧！冲呀！！！✊ ​
新浪综艺,1小时前新浪综艺频道官方微博,#湖南卫视微博跨年预约破500万##湖南卫视跨年晚会#在#微博跨年狂欢节#的预约人数强势突破500w！今年的跨年阵容还是一如既往地强大，@成毅@陈哲远-@丁禹兮@华晨宇yu@captain龙@孟子义@时代少年团@王鹤棣_Dylan@TFBOYS-王源@UNIQ-王一博@杨幂@虞书欣Esther都已经官宣加盟，坐等12月31日的 ​ ...展开
歐陽娜娜Nana,12-15   20:50中國台灣女藝人/大提琴演奏家 歐陽娜娜,謝謝昨天的你們！我們17號 音樂會見⋯🥔 *ﾟ#欧阳娜娜loveletter##241042loveletter艺术展#​
野生抬杠选手,12-15   17:37娱评人 微博娱评团成员已编辑,#院人集体确诊白磷型团队#不是，你们院人的燃点是不是有点太低了哈哈哈哈哈在大家还摸不清头脑的时候，小齐带头零帧起燃，突然激动大喊这季是去海边录，其他人听到去海边仿佛被触发了关键词，异口同声唱起来想要去海边，好好好，哥几个确诊为白磷型版院人~​
对象迟早会有的,12小时前微博知名搞笑博主,灵感来源于生活be like：#无限暖暖#​
伊莉丝的研究所,12-13   22:53影视评论人,#伊莉丝科技说#塞尔达传说：魔吉拉的面具》（旧译“塞尔达传说姆吉拉的假面”）是一款由任天堂本部开发的动作冒险游戏，也是该系列第六部作品，最初于 2000 年 4 月 27 日在任天堂 64 平台发行。经过三年多时间的不懈努力，逆向工程团队 ZeldaRET 完美重现出了《塞尔达传说：魔吉拉的面具》的全部代 ​ ...展开
上游新闻,原创23小时前上游新闻客户端官方微博,【#年度直播乱象#】#头部主播翻车启示录#造假售假、虚假宣传、擦边营销、AI魔改……直播圈这一年来“怪相”频出。如何摒弃畸形的流量，让直播告别“野蛮生长”？且看上游新闻年度盘点《直击直播乱象2024》 ——#微盘点#​
饭圈安利鹅,昨天 20:32微博2020、2021十大影响力综艺大V 微博2022最具影响力综艺节目大V 微博电视团成员已编辑,#樊振东王楚钦发型的较量#哈哈哈哈哈请观看樊振东王楚钦《发型的较量》#樊振东vs王楚钦#​
手边巴黎urruolan,昨天 15:31豪华酒店代言人  时尚/旅行博主已编辑,💐ˢᵘⁿᵈᵃʸ周日收集快乐 ° ᐝ♬ ♭ ♡☀️小仙炖上海旗舰店盛大开业🎉 真有一种娘家人来了上海的感觉！见证着她日胜一日的努力，提炼大自然的馈赠，把中式滋补的健康理念和生活方式带给身边珍贵的人❤️周末宜在家软软糯糯，上身了夏姿陈 x 刘宇的🐍年限量款，背后还有小宇刘宇超话​ ...展开
黄之仪KyraZilver,昨天 12:00爱奇艺《中国新说唱2020》选手已编辑,⋆⌁⌁⌁❤︎⌁⌁⌁⋆𖦤˖໒꒱· ﾟ浮岛EP全地图已解锁  欢迎大家上岛游玩KyraZ超话#mv##七号打歌中心#黄之仪KyraZilver的微博视频​
淘票票,12-14   20:58淘票票官方微博,#张杰演唱会大电影预售票房破纪录#截至20:29，电影《张杰曜北斗巡回演唱会》预售总票房破1000万，不仅创演唱会电影预售首日新纪录，更成为2024非春节档影片预售总票房最快破千万影片👏预售已全面开启，12月20日走进影院，来一场浪漫震撼的音乐之旅！#电影张杰曜北斗巡回演唱会#​
李宇春,12-15   20:50歌手 李宇春,第二十年跨年倒计时……所有的铁都给昨天吃得肚皮滚圆的人撸起来吧！冲呀！！！✊ ​
小樱花不哭略略略,12-14   20:068人关注了她,讨论的人一直在增加，讨论度却一直在降低如鸢官方超话#如鸢官方回应#​
泉州气象,昨天 12:30泉州市气象学会官方微博,#考研难还是高考难#​
卡布叻_周深,12-15   23:22歌手 代表作《大鱼》,周深超话超话八周年啦啦啦？？？？ ​
对象迟早会有的,12小时前微博知名搞笑博主,灵感来源于生活be like：#无限暖暖#​
伊莉丝的研究所,12-13   22:53影视评论人,#伊莉丝科技说#塞尔达传说：魔吉拉的面具》（旧译“塞尔达传说姆吉拉的假面”）是一款由任天堂本部开发的动作冒险游戏，也是该系列第六部作品，最初于 2000 年 4 月 27 日在任天堂 64 平台发行。经过三年多时间的不懈努力，逆向工程团队 ZeldaRET 完美重现出了《塞尔达传说：魔吉拉的面具》的全部代 ​ ...展开
